Name,Description,Satellites,Website,Jobs site,Jobs 2,Locations,Remote,Crunchbase,Linkedin,Twitter,SPAC,Github,Youtube,Stocks,Medium,Instagram,Notes
Bluefield,Methane leak detection via microsatellites,Yes (planned),https://bluefield.co/,?,,"ğŸ‡ºğŸ‡¸ San Francisco, USA",?,https://www.crunchbase.com/organization/bluefield-technologies,https://www.linkedin.com/company/bluefield-technologies/,https://twitter.com/bluefieldtech,,,,,,,
iQPS,SAR constellation,Yes,https://i-qps.net/,https://i-qps.net/career#section3,,"ğŸ‡¯ğŸ‡µ Fukuoka, Japan",?,https://www.crunchbase.com/organization/iqps,x,https://twitter.com/QPS_Inc,,,,,,,
KatRisk,"Risk quantification: flood, wind, and other",,https://www.katrisk.com/,https://www.linkedin.com/company/katrisk-llc/jobs/,,"ğŸ‡ºğŸ‡¸ Berkeley, USA | ğŸ‡ºğŸ‡¸ Austin, Texas, USA | ğŸ‡©ğŸ‡ª Freiburg, Germany",?,https://www.crunchbase.com/organization/katrisk,https://www.linkedin.com/company/katrisk-llc/,https://twitter.com/KatRiskLLC,,,,,,,
Planet Observer,Data reseller,,https://planetobserver.com/,?,,"ğŸ‡«ğŸ‡· Clermont, France",?,https://www.crunchbase.com/organization/planetobserver,https://www.linkedin.com/company/planetobserver/,https://twitter.com/PlanetObserver_,,,,,,,
Space Will,"SuperView constellation, imagery provider",,http://en.spacewillinfo.com/,?,,"ğŸ‡¨ğŸ‡³ Beijing, China",?,x,https://www.linkedin.com/company/spacewill/,https://twitter.com/spacewillinfo,,,,,,,
Spacety,"Satellite operator, Satellite-as-a-service, DaaS",Yes,https://en.spacety.com/,?,,"ğŸ‡¨ğŸ‡³ Beijing, China | ğŸ‡±ğŸ‡º Luxembourg",?,https://www.crunchbase.com/organization/tianyi-research-institute,https://www.linkedin.com/company/spacetyglobal/,https://mobile.twitter.com/ty_spacety,,,,,,,
Arturo,Insurance,,https://arturo.ai/,https://jobs.lever.co/Arturo,,"ğŸ‡¨ğŸ‡¦ Ottawa, Canada | ğŸ‡ºğŸ‡¸ Chicago, USA",~US based,https://www.crunchbase.com/organization/arturo-inc,https://www.linkedin.com/company/arturoai/,https://twitter.com/arturo_ai,,,,,,,
Near Space Labs,Balloon fleet providing high-resolution imagery at a low price,,https://nearspacelabs.com/,https://boards.greenhouse.io/nearspacelabs,,"ğŸ‡ºğŸ‡¸ Multiple in USA | ğŸ‡ªğŸ‡¸ Barcelona, Spain",~US based,https://www.crunchbase.com/organization/near-space-labs,https://www.linkedin.com/company/near-space/,https://twitter.com/NearSpaceLabs,,,,,,,
EarthDaily,"Analytics, aggriculture",,https://earthdaily.com/,https://earthdaily.com/careers/career-opportunities/,https://www.linkedin.com/company/earthdailyanalytics/jobs/,"ğŸ‡¨ğŸ‡¦ Vancouver, Canada",~Yes,https://www.crunchbase.com/organization/earthdaily-analytics,https://www.linkedin.com/company/earthdailyanalytics/,https://twitter.com/earthdailya,,,,,,,
Orora Tech,Satellites for wildfire detection,Planned,https://ororatech.com,https://ororatech.com/about/careers/,,"ğŸ‡©ğŸ‡ª Munich, Germany",~Yes,https://www.crunchbase.com/organization/ororatech,https://www.linkedin.com/company/ororatech/,https://twitter.com/OroraTech,,,,,,,
SkyFi,"Making imagery available, on-demand satellite imagery",,https://skyfi.com/,https://skyfi.com/careers/,,"ğŸ‡ºğŸ‡¸ Houston, USA | ğŸ‡ºğŸ‡¸ Austin, USA",~Yes,x,https://www.linkedin.com/company/skyfi-imaging/?trk=public_jobs_jserp-result_job-search-card-subtitle,x,,,,,,,
GHGSAT,"Hyperspectral constellation, greenhouse gases, monitoring tools",,https://www.ghgsat.com/en/,https://www.linkedin.com/company/ghgsat/jobs/,,"ğŸ‡¨ğŸ‡¦ Montreal, Canada",Canada-based,https://www.crunchbase.com/organization/ghgsat,https://www.linkedin.com/company/wyvern-space/,https://twitter.com/ghgsat,,,,,,,
SkyWatch,"Making imagery available, B2B",,https://www.skywatch.com/,https://www.skywatch.com/careers,,"ğŸ‡ºğŸ‡¸ New York, USA | ğŸ‡¨ğŸ‡¦ Waterloo, Canada",Canada-based,https://www.crunchbase.com/organization/skywatch-2,https://www.linkedin.com/company/skywatch-apps/,https://twitter.com/SkyWatchApps,,,,,,,
Edgybees,Georeferencing drone footage using satellite imagery,,https://edgybees.com/,https://edgybees.com/about-us/careers/,,"ğŸ‡ºğŸ‡¸ Washington DC, USA",Hybrid,https://www.crunchbase.com/organization/edgybees,https://www.linkedin.com/company/edgybees-ltd/,https://twitter.com/Edgybees,,,https://www.youtube.com/c/Edgybees?app=desktop,,,,
SatelliteVu,"Thermal constellation, energy efficiency, carbon footprint",Yes (2023),https://www.satellitevu.com/,https://apply.workable.com/satellitevu/,https://www.linkedin.com/company/satellitevu/jobs/,"ğŸ‡¬ğŸ‡§ London, UK",Hybrid (UK-based),https://www.crunchbase.com/organization/global-satellite-vu,https://www.linkedin.com/company/10487382/,https://twitter.com/satellitevu,,,,,,,
Axelspace,Microsatellite developer and satellite imagery provider.,,https://www.axelspace.com/,https://axelspace.applytojob.com/apply,,"ğŸ‡¯ğŸ‡µ Tokyo, Japan",Maybe,https://www.crunchbase.com/organization/axelspace,https://www.linkedin.com/company/axelspace/,https://twitter.com/axelspace,,,,,,,
ICEYE,"SAR constellation, analytics",Yes,https://www.iceye.com/,https://www.iceye.com/careers?hsLang=en,,"ğŸ‡«ğŸ‡® Espoo, Finland",Maybe,https://www.crunchbase.com/organization/iceye,https://www.linkedin.com/company/iceye/,https://twitter.com/iceyefi,,,,,,,
Aerospacelab,"EO Analytics, satellite platforms",Yes,https://www.aerospacelab.be/,https://www.aerospacelab.be/join-our-team/#jobOffers,,"ğŸ‡§ğŸ‡ª Louvain-la-Neuve, Belgium | ğŸ‡«ğŸ‡· Toulouse, France | ğŸ‡¨ğŸ‡­ Lausanne, Switzerland",No,https://www.crunchbase.com/organization/aerospacelab,https://www.linkedin.com/company/aerospacelab/,https://twitter.com/aerospacelab_be,,,,,,,
Airbus Space,"All-purpose, defense intelligence",,https://www.airbus.com/en/NextSpace,https://ag.wd3.myworkdayjobs.com/en-US/Airbus,,"ğŸ‡©ğŸ‡ª Immenstaad, Germany | ğŸ‡¨ğŸ‡¦ Toulouse, Canada",No,https://www.crunchbase.com/organization/airbus-defense-space,https://www.linkedin.com/company/airbus-defence-and-space/,https://twitter.com/AirbusSpace,,,,,,,
Alba Orbital,Satellite developer and operator,,http://www.albaorbital.com/,http://www.albaorbital.com/careers,https://www.linkedin.com/company/alba-orbital/jobs/,"ğŸ‡¬ğŸ‡§ Glasgow, UK",No,https://www.crunchbase.com/organization/alba-orbital,https://www.linkedin.com/company/alba-orbital/,https://twitter.com/AlbaOrbita,,,,,,,
Astraea,"Analytics platform, consulting",,https://astraea.earth/,https://astraea.earth/careers/,,"ğŸ‡ºğŸ‡¸ Charlottesville, USA",No,https://www.crunchbase.com/organization/astraea-inc,https://www.linkedin.com/company/astraea/,https://twitter.com/AstraeaInc,,,,,,,
AXA Climate,Insurance,,https://www.climate.axa/,https://jobs.axa/careersection/1/moresearch.ftl,,"ğŸ‡«ğŸ‡· Paris, France",No,https://www.crunchbase.com/organization/axa-climate,https://www.linkedin.com/company/axaclimate/?trk=public_profile_experience-item_profile-section-card_image-click,https://twitter.com/AXA,,,,,,,
CloudEO,Marketplace,,https://www.cloudeo.group/,https://www.cloudeo.group/join-us,,"ğŸ‡©ğŸ‡ª Munich, Germany",No,https://www.crunchbase.com/organization/cloudeo,https://www.linkedin.com/company/cloudeo-ag/,https://twitter.com/cloudeo_ag,,,,,,,
Farmers Edge,Precision aggriculture,,https://www.farmersedge.ca/,https://farmersedge.applicantpro.com/jobs/,,"ğŸ‡ºğŸ‡¸ Shakopee, USA | ğŸ‡¨ğŸ‡¦ Winnipeg, Canada",No,https://www.crunchbase.com/organization/farmers-edge-inc,https://www.linkedin.com/company/farmers-edge/?originalSubdomain=ca,https://twitter.com/farmers_edge,,,,,,,
Geocento,"Analytics platform, marketplace",,https://geocento.com/,https://geocento.com/about_us,,"ğŸ‡ªğŸ‡¸ Madrid, Spain | ğŸ‡¬ğŸ‡§ Oxfordshire, UK",No,https://www.crunchbase.com/organization/geocento,https://www.linkedin.com/company/geocento/,https://twitter.com/Geocento,,,,,,,
GeoVille,Analytics,,https://www.geoville.com/,https://careers.geoville.com/,,"ğŸ‡¦ğŸ‡¹ Innsbruck, Austria",No,https://www.crunchbase.com/organization/geoville,https://www.linkedin.com/company/geoville-information-systems-gmbh/,https://twitter.com/geoville_gmbh,,,,,,,
Hawkeye 360,RF constellation,,https://www.he360.com/,https://hawkeye360.applicantstack.com/x/openings,,"ğŸ‡ºğŸ‡¸ Herndon, USA",No,https://www.crunchbase.com/organization/hawkeye-360-2,https://www.linkedin.com/company/hawkeye-360/,https://twitter.com/hawkeye360,,,,,,,
ImageSat Intl.,"SAR + Optical, analytics",,https://www.imagesatintl.com/,https://www.imagesatintl.com/careers/,,"ğŸ‡®ğŸ‡± Or Yehuda, Israel",No,https://www.crunchbase.com/organization/imagesat-international,https://www.linkedin.com/company/imagesat-international/,https://twitter.com/ImageSatIntl,,,,,,,
Kayrros,"Analytics, climate risk for energy & environment",,https://www.kayrros.com/,https://kayrros1.recruitee.com/,,"ğŸ‡«ğŸ‡· Paris, France",No,https://www.crunchbase.com/organization/kayrros,https://www.linkedin.com/company/kayrros/,https://twitter.com/Kayrros,,,,,,,
LiveEO,Infrastructure monitoring,,https://live-eo.com/,https://live-eo.com/jobs/,,"ğŸ‡©ğŸ‡ª Berlin, Germany",No,https://www.crunchbase.com/organization/liveeo,https://www.linkedin.com/company/liveeo/,https://twitter.com/LiveEO_space,,,,$MAXR,,,
Mayday.ai,Data fusion for natural disasters management,,https://mayday.ai/,https://mayday.ai/careers/,,"ğŸ‡©ğŸ‡ª Darmstadt, Germany",No,https://www.crunchbase.com/organization/mayday-ai,https://www.linkedin.com/company/mayday-ai/,https://twitter.com/mayday_ai,,,,,,,
MDA,"Space missions, space exploration, RADARSAT EO satellites",,https://mda.space/en/,https://mda.space/en/careers,,"ğŸ‡¨ğŸ‡¦ğŸ‡ºğŸ‡¸ğŸ‡¬ğŸ‡§ Locations in Canada, US, UK",No,https://www.crunchbase.com/organization/mda-b944,https://www.linkedin.com/company/mdaspace/?originalSubdomain=ca,https://twitter.com/MDA_space,,,,,,,
Orbital Insight,"Analytics platform, multi-purpose",,https://orbitalinsight.com/,https://orbitalinsight.com/company/careers/job-openings,,"ğŸ‡ºğŸ‡¸ New York, USA | ğŸ‡ºğŸ‡¸ Washington D.C., USA | ğŸ‡ºğŸ‡¸ Roseville, USA",No,https://www.crunchbase.com/organization/orbital-insight-inc,https://www.linkedin.com/company/orbital-insight-inc-/,https://twitter.com/orbital_insight,,,,,,,
Pixxel,"Hyperspectral constellation, multipurpose",Yes (planned),https://www.pixxel.space/,https://www.pixxel.space/careers,,"ğŸ‡®ğŸ‡³ Bangalore, India",No,https://www.crunchbase.com/organization/pixxel-81c6,https://www.linkedin.com/company/planetwatchers/,https://twitter.com/PixxelSpace,,,,,,,
Planetek,All-purpose analytics,,https://www.planetek.it/,https://www.planetek.it/azienda/contatti/opportunit%C3%A0_di_lavoro,,"ğŸ‡®ğŸ‡¹ Bari, Italy",No,https://www.crunchbase.com/organization/planetek-italia/technology,https://www.linkedin.com/company/planetek-italia/,https://twitter.com/planetek,,,,,,,
Preligens,"Analysis, defense",,https://www.preligens.com/,https://www.preligens.com/jobs,,"ğŸ‡«ğŸ‡· Paris, France",No,https://www.crunchbase.com/organization/earthcube,https://www.linkedin.com/company/azavea/,https://twitter.com/Preligens,,,,,,,
PromÃ©thee,"Planned constellation, all-purpose",,https://www.promethee.earth/en/home/,https://www.linkedin.com/company/prom%C3%A9th%C3%A9e-newspace/jobs/,,"ğŸ‡«ğŸ‡· Paris, France | ğŸ‡«ğŸ‡· Toulouse, France",No,x,https://www.linkedin.com/company/prom%C3%A9th%C3%A9e-newspace/,x,,,,,,,
RS Metrics,"Analytics, multi-purpose, sustainability",,https://rsmetrics.com/,https://rsmetrics.com/careers/,,"ğŸ‡ºğŸ‡¸ Chicago, USA | ğŸ‡ºğŸ‡¸ New York, USA | ğŸ‡±ğŸ‡° Pita Kotte, Sri Lanka | ğŸŒ Europe | ğŸŒ Asia",No,https://www.crunchbase.com/organization/rs-metrics,https://www.linkedin.com/company/rsmetrics/,https://twitter.com/RSMetrics,,,,,,,
Satelligence,Platform to track sustainability objectives,Yes,https://satelligence.com/,https://satelligence.com/careers,https://www.linkedin.com/company/satelligence/jobs/,"ğŸ‡³ğŸ‡± Utrecht, Netherlands",No,https://www.crunchbase.com/organization/satelligence,https://www.linkedin.com/company/satelligence,https://twitter.com/SatelligenceEO,,,,,,,
SatSure,On-board processing,,https://satsure.co/,https://satsure.co/career.html,,"ğŸ‡®ğŸ‡³ Bangalore, India",No,https://www.crunchbase.com/organization/satsure-d0b9,https://www.linkedin.com/company/satsure/,https://twitter.com/sat_sure,,,,,,,
SpaceKnow,"Analytics, multi-purpose",,https://spaceknow.com/,https://spaceknow.com/careers/#positions,https://www.startupjobs.cz/en/startup/spaceknow-inc,"ğŸ‡¨ğŸ‡¿ Prague, Czech Republic | ğŸ‡ºğŸ‡¸ New York, USA",No,https://www.crunchbase.com/organization/spaceknow,https://www.linkedin.com/company/spaceknow/,https://twitter.com/spaceknow,,,,,,,
Spacesense,Analytics platform,,https://www.spacesense.ai/,https://50-partners.welcomekit.co/companies/spacesense-ai,,"ğŸ‡«ğŸ‡· Paris, France",No,https://www.crunchbase.com/organization/spacesense-ai,https://www.linkedin.com/company/spacesense-ai/,https://twitter.com/spacesenseai,,,,,,,
Spiral Blue,On-board processing,,https://www.spiralblue.space/,https://www.spiralblue.space/careers,,"ğŸ‡¦ğŸ‡º Sydney, Australia",No,x,https://www.linkedin.com/company/spiralblue/?originalSubdomain=au,x,,,,,,,
Synspective,SAR constellation & analytics,,https://synspective.com/,https://careers.synspective.com/,https://www.linkedin.com/company/synspective/jobs/,"ğŸ‡¯ğŸ‡µ Tokyo, Japan",No,https://www.crunchbase.com/organization/synspective-inc,https://www.linkedin.com/company/synspective/,https://twitter.com/synspective,,,,,,,
Synthetaic,"Detection from unlabeled data, simplifying data labelling process",,https://www.synthetaic.com/,https://www.synthetaic.com/careers,,"ğŸ‡ºğŸ‡¸ Delafield, Wisconsin, USA",No,https://www.crunchbase.com/organization/synthetaic,https://www.linkedin.com/company/synthetaic/,https://twitter.com/synthetaic,,,,,,,
Terran Orbital,"Satellite manufacturing, mission services, data products. Focused on defense",,https://terranorbital.com/,https://terranorbital.com/careers/,https://www.linkedin.com/company/terranorbital/jobs/,"ğŸ‡ºğŸ‡¸ Multiple locations, USA",No,https://www.crunchbase.com/organization/terran-orbital,https://www.linkedin.com/company/terranorbital/,https://twitter.com/TerranOrbital,,,,$LLAP,,,
UP42,"Marketplace & platform, Airbus subsidiary",,https://up42.com/,https://up42.com/company/careers,,"ğŸ‡©ğŸ‡ª Berlin, Germany",No,https://www.crunchbase.com/organization/up42,https://www.linkedin.com/company/up42/,https://twitter.com/UP42_,,,,,,,
Wyvern,"hyperspectral, multi-purpose",,https://wyvern.space/,https://wyvern.space/?page_id=2139,,"ğŸ‡ºğŸ‡¸ Edmonton, USA",No,https://www.crunchbase.com/organization/wyvern-d3f9,https://www.linkedin.com/company/wyvern-space/,https://twitter.com/WyvernSpace,,,,,,,
ClimateX,"Climate change resiliency, weather risk",,https://www.climate-x.com/,https://www.climate-x.com/careers,,"ğŸ‡¬ğŸ‡§ London, UK",No (Partial),https://www.crunchbase.com/organization/climate-x,https://www.linkedin.com/company/climate-x/,https://twitter.com/climatexltd,,,,,,,
4pi Lab,Early wildfire detection,,http://site.4pilab.com/,?,,"ğŸ‡¨ğŸ‡¦ Calgary, Canada",No jobs,https://www.crunchbase.com/organization/cloud-to-street,https://www.linkedin.com/company/4pilab/?originalSubdomain=ca,https://twitter.com/4pilab,,,,,,,
Cloud to Sreet,Real-time flood monitoring,,https://www.cloudtostreet.ai/,https://www.cloudtostreet.ai/careers,,"ğŸ‡ºğŸ‡¸ New York, USA",No jobs,https://www.crunchbase.com/organization/cloud-to-street,https://www.linkedin.com/company/cloud-to-street/,https://twitter.com/cloud2street?lang=en,,,,,,,
e-geos,Analysis platforms,,https://www.e-geos.it/en/#,None?,,"ğŸ‡®ğŸ‡¹ Rome, Italy",No jobs,https://www.crunchbase.com/organization/e-geos,https://www.linkedin.com/company/e-geos/,https://twitter.com/e_geos,,,,,,,
Geospatial Insights,"Analytics: Insurance, finance, utilities",,https://geospatial-insight.com/,None?,,"ğŸ‡¬ğŸ‡§ Birmingham, UK",No jobs,https://www.crunchbase.com/organization/geospatial-insight,https://www.linkedin.com/company/geospatial-insight-limited/,https://twitter.com/geo_insight,,,,,,,
GlobalXplorer,Archeology,,https://www.globalxplorer.org/,https://www.linkedin.com/company/globalxplorer/jobs/,,"ğŸ‡ºğŸ‡¸ Birmingham, USA",No jobs,https://www.crunchbase.com/organization/globalxplorer%C2%BA,https://www.linkedin.com/company/globalxplorerindia/about/,https://twitter.com/Global_Xplorer,,,,,,,
PredaSAR,"SAR constellation, analysis, Terran Orbital subsidiary",Yes,https://www.predasar.com/,https://www.predasar.com/careers,Hiring@PredaSAR.com. ,"ğŸ‡ºğŸ‡¸ Boca Raton, USA",No jobs,https://www.crunchbase.com/organization/predasar,https://www.linkedin.com/company/predasar/jobs/,https://twitter.com/predasar?lang=en-GB,,,,,,,
SatRevolution,EO hardware,,https://www.satrevolution.com/,https://www.linkedin.com/company/satrev-s-a/jobs/,,"ğŸ‡µğŸ‡± Wroclav, Poland",Hybrid,https://www.crunchbase.com/organization/satrevolution-s-a,https://www.linkedin.com/company/satrevolution-s-a/,https://twitter.com/SatRevolution,,,,,,,
satsearch,Marketplace for space industry,,https://satsearch.co/,https://satsearch.co/about,mail: jobs@satsearch.com,ğŸŒ Remote,No jobs,https://www.crunchbase.com/organization/satsearch,https://www.linkedin.com/company/satsearch/,https://twitter.com/satsearchco,,,,,,,
SI Imaging Services (SIIS),optical + SAR constellation,,https://www.si-imaging.com/,https://www.si-imaging.com/careers/,,"ğŸ‡°ğŸ‡· Dae-jeon, South Korea",No jobs,https://www.crunchbase.com/organization/si-imaging-services,https://www.linkedin.com/company/si-imaging-services/?originalSubdomain=kr,https://twitter.com/si_imaging,,,,,,,
unseenlabs,"RF, sigint, maritime",,https://unseenlabs.space/,https://unseenlabs.space/careers/,,ğŸ‡«ğŸ‡· France,No jobs,https://www.crunchbase.com/organization/unseenlabs,https://www.linkedin.com/company/unseenlabs/,https://twitter.com/unseenlabs,,,,,,,
Albedo,"High-resolution optical constellation (10cm constellation planned), thermal",Yes (future?),https://albedo.com/,https://jobs.lever.co/albedo,,"ğŸ‡ºğŸ‡¸ Austin, USA",US based,https://www.crunchbase.com/organization/albedo,https://www.linkedin.com/company/albedo-space/,https://twitter.com/Albedo,,,,,,,
Aurora Insight,Analytics & insights on spectrum and wireless technologies,,https://aurorainsight.com/,https://jobs.lever.co/aurorainsight,https://www.linkedin.com/company/aurorainsight/jobs/,"ğŸ‡ºğŸ‡¸ Washington, USA",US based,https://www.crunchbase.com/organization/aurora-insight,https://www.linkedin.com/company/aurorainsight/,https://twitter.com/AuroraInsight,,,,,,,
BlackSky,"Optical constellation, high temporal resolution",Yes,https://www.blacksky.com/,https://www.blacksky.com/careers/,,"ğŸ‡ºğŸ‡¸ Herndon, USA",US based,https://www.crunchbase.com/organization/blacksky-global,https://www.linkedin.com/company/blackskyinc/,https://twitter.com/BlackSky_Inc,https://www.osprey-technology.com/s/BlackSky_Investor-Presentation-September-2021_v11-as-Filed.pdf,,,$BKSY,,,Doesn't develop the satellites in-house (https://twitter.com/spacecasemartin/status/1494401608641396736)
Blue River,"AggTech, intelligent machinery",,https://bluerivertechnology.com/,https://bluerivertechnology.com/join-us/,https://www.linkedin.com/company/bluerivertech/jobs/,"ğŸ‡ºğŸ‡¸ Multiple locations, USA",US based,https://www.crunchbase.com/organization/blue-river-technology,https://www.linkedin.com/company/bluerivertech/,https://twitter.com/BlueRiverTech,,,,,,,
Capella,"SAR constellation, analytics",Yes,https://www.capellaspace.com/,https://www.capellaspace.com/about-us/careers/,,"ğŸ‡ºğŸ‡¸ San Francisco, USA | ğŸ‡ºğŸ‡¸ Boulder, CO, USA",US based,https://www.crunchbase.com/organization/capella-space,https://www.linkedin.com/company/capella-space,https://twitter.com/capellaspace,,,,,,,
Climavision,"Climate change resiliency, weather data and forecasting tools",,https://www.climavision.com/,https://boards.greenhouse.io/climavision,https://www.linkedin.com/company/climavision/jobs/,"ğŸ‡ºğŸ‡¸ Louisville, USA",US based,https://www.crunchbase.com/organization/climavision,https://www.linkedin.com/company/climavision/,https://mobile.twitter.com/climavision,,,,,,,
Element 84,Cloud-based geospatial data processing,,https://element84.com/,https://element84.com/careers,,"ğŸ‡ºğŸ‡¸ Alexandria, USA",US based,https://www.crunchbase.com/organization/element-84,https://www.linkedin.com/company/element84/,https://twitter.com/Element84,,,,,,,
Hydrosat,"Thermal constellation, agriculture",Planned,https://www.hydrosat.com/,https://apply.workable.com/hydrosat/?lng=en,https://www.linkedin.com/company/hydrosat/jobs/,"ğŸ‡±ğŸ‡º Luxembourg | ğŸ‡ºğŸ‡¸ Washington D.C., USA",US based,https://www.crunchbase.com/organization/hydrosat,https://www.linkedin.com/company/hydrosat/,https://twitter.com/hydrosati,,,,,,,
HySpecIQ,"Hyperspectral constellation, analytics platform, all-purpose",Planned,https://hyspeciq.com/,https://hyspeciq.breezy.hr/,,"ğŸ‡ºğŸ‡¸ Herndon, USA",US based,https://www.crunchbase.com/organization/hyspeciq,https://www.linkedin.com/company/hyspeciq/,https://mobile.twitter.com/HySpecIQ_,,,,,,,
NCX,"Marketplace for carbon credits, connecting corporations and landowners",,https://ncx.com/,https://boards.greenhouse.io/ncx,,"ğŸ‡ºğŸ‡¸ San Francisco, US",US based,https://www.crunchbase.com/organization/silviaterra,https://www.linkedin.com/company/ncx-carbon/,https://twitter.com/NCX,,,,,,,
Orbital Sidekick,"Hyperspectral constellation, sustainability & energy",Yes,https://orbitalsidekick.com/,https://jobs.lever.co/orbitalsidekick,https://www.linkedin.com/company/orbital-sidekick/jobs/,"ğŸ‡ºğŸ‡¸ San Francisco, USA",US based,https://www.crunchbase.com/organization/orbital-sidekick,https://www.linkedin.com/company/orbital-sidekick/,https://twitter.com/OrbitalSidekick,,,,,,,
Umbra,SAR & RF constellation,Yes,https://umbra.space/,https://careers.umbra.space/,,"ğŸ‡ºğŸ‡¸ Santa Barbara, USA | ğŸ‡ºğŸ‡¸ Austin, USA",US based,https://www.crunchbase.com/organization/umbra-lab-inc,https://www.linkedin.com/company/umbraspace/,https://twitter.com/umbraspace,,,,,,,
Upstream Tech,Climate solutions: Hydropower generation prediction and landscape monitoring,,https://www.upstream.tech/,https://jobs.upstream.tech/,,ğŸŒğŸ‡ºğŸ‡¸ Remote,US based,https://www.crunchbase.com/organization/upstream-tech,https://www.linkedin.com/company/upstream-pbc/,https://twitter.com/upstream_tech,,,,,,,
Ursa Space,SAR platform & marketplace,,https://ursaspace.com/,https://twitter.com/ursaspace?lang=en,,"ğŸ‡ºğŸ‡¸ Ithaca, USA",US based,https://www.crunchbase.com/organization/ursa-space-systems,https://www.linkedin.com/company/ursa-space-systems/,https://twitter.com/ursaspace?lang=en,,,,,,,
Rendered.ai,Creating synthetic data for training ML/AI systems,,https://rendered.ai/,https://apply.workable.com/rendered-ai/?lng=en,https://www.linkedin.com/company/rendered-ai/jobs/,"ğŸ‡ºğŸ‡¸ Bellevue, Washington, USA",US resident,https://www.crunchbase.com/organization/rendered-ai,https://www.linkedin.com/company/rendered-ai/,https://twitter.com/renderedai?lang=en,,,,,,,
Aistech,"Thermal imagery, AIS, agriculture, environment, security, aviation",Planned,https://aistechspace.com/,https://aistechspace.com/careers/,https://www.linkedin.com/company/aistech-space/jobs/,"ğŸ‡ªğŸ‡¸ Barcelona, Spain",Yes,https://www.crunchbase.com/organization/aistech,https://www.linkedin.com/company/aistech-space/,https://twitter.com/AistechSpace,,,,,,,
Arlula,"Platform, marketplace",,https://www.arlula.com/,https://www.arlula.com/careers/,,"ğŸ‡¦ğŸ‡º Ultimo, Australia",Yes,https://www.crunchbase.com/organization/arlula,https://www.linkedin.com/company/arlula/,https://twitter.com/Arlula_Space,,,,,,,
Asterra,Using SAR to detect leaks,,https://asterra.io/,https://asterra.io/about/careers/,https://www.linkedin.com/company/asterratech/jobs/,"ğŸ‡®ğŸ‡± Rosh Haâ€™ayin, Israel | ğŸ‡ºğŸ‡¸ San Diego, CA, USA",Yes,https://www.crunchbase.com/organization/utilis-israel-inc,https://www.linkedin.com/company/utilisltd/,https://twitter.com/asterratech,,,https://www.youtube.com/channel/UC0GiZovioMK-mMpOZZmUSAA,,,,
blackshark.ai,3d digital twin of earth,,https://blackshark.ai/,https://people.blackshark.ai/careers/,,"ğŸ‡¦ğŸ‡¹ Graz, Austria | ğŸ‡¦ğŸ‡¹ Vienna, Austria | ğŸ‡­ğŸ‡· Zagreb, Croatia",Yes,https://www.crunchbase.com/organization/blackshark-ai,https://www.linkedin.com/company/blackshark-ai/,https://twitter.com/aiblackshark,,,https://www.youtube.com/channel/UCMRDA-mbo9hGSHCwFMTp92w,,,,
Blue Sky Analytics,Climate risk assesment and monitoring,,https://blueskyhq.in/,https://blueskyhq.in/careers/#careers,https://angel.co/company/blueskyhq/jobs,"ğŸ‡®ğŸ‡³ Gurgaon, India",Yes,https://www.crunchbase.com/organization/breezo,https://www.linkedin.com/company/blueskyhq/,https://twitter.com/blueskylab,,https://github.com/blueskyanalytics,https://www.youtube.com/channel/UCTcGB8IhXWop5QXnYUJmRag,,,,
Cape Analytics,Property risk insights for insurance industry,,https://capeanalytics.com/,https://jobs.lever.co/capeanalytics,https://www.linkedin.com/company/capeanalytics/jobs/,"ğŸ‡ºğŸ‡¸ Palo Aloto, USA | ğŸ‡©ğŸ‡ª Munich, Germany",Yes,https://www.crunchbase.com/organization/cape-analytics,https://www.linkedin.com/company/capeanalytics/,https://twitter.com/cape_analytics,,,,,,,
CCG,Solutions for environmental and infrastructure challenges.,,https://www.cgg.com/,https://careers.smartrecruiters.com/CGG3/,https://www.linkedin.com/company/cgg/jobs/,Many locations and countries,Yes,x,https://www.linkedin.com/company/cgg/,https://twitter.com/CGGcompany,,,,,,,
Climate Engine,"Climate, Google Earth Engine enterprise solution",,https://climateengine.com/,https://climateengine.com/careers/,,"ğŸ‡ºğŸ‡¸ Carson City, USA",Yes,x,https://linkedin.com/company/climateengine,https://twitter.com/ClimateEngine,,,https://www.youtube.com/channel/UCcc773oJTP9MQK8l_kIOl7w,,,,
ConstellR,"Thermal constellation, Land Surface Temperature, aggriculture, acquired ScanWorld",Planned,https://constellr.space/,https://constellr.recruitee.com/,,"ğŸ‡©ğŸ‡ª Freiburg, Germany | ğŸ‡§ğŸ‡ª Liege, Belgium | ğŸ‡§ğŸ‡ª Brussels, Belgium",Yes,https://www.crunchbase.com/organization/constellr,https://www.linkedin.com/company/constellr/?originalSubdomain=de,https://twitter.com/ConstellR,,,,,,,
Development Seed,FOSS data & analysis infrastructure,,https://developmentseed.org/,https://developmentseed.org/careers/,,"ğŸ‡ºğŸ‡¸ Washington D.C, USA | ğŸ‡µğŸ‡¹ Lisabon, Portugal | ğŸ‡µğŸ‡ª Ayacucho, Peru",Yes,https://www.crunchbase.com/organization/development-seed,https://www.linkedin.com/company/development-seed/,https://twitter.com/developmentseed,,,,,,,
Earth Blox,"No-code access to GEE, teaching",,https://www.earthblox.io/,https://www.earthblox.io/careers,,"ğŸŒ Remote | ğŸ‡¬ğŸ‡§ Edinburgh, UK",Yes,https://www.crunchbase.com/organization/earth-blox,https://www.linkedin.com/company/earthblox/,https://twitter.com/EarthBlox,,,,,,,
EOX,Analytics and consulting,,https://eox.at,https://eox.at/careers/,,"ğŸ‡¦ğŸ‡¹ Vienna, Austria",Yes,https://www.crunchbase.com/organization/eox-it-services-gmbh,https://www.linkedin.com/company/eox-it-services-gmbh/,https://twitter.com/eox_a,,https://github.com/eox-a,,,,,
GeoOptics,Radio occultation constellation,,https://geooptics.com/,https://geooptics.com/careers/,,"ğŸ‡¨ğŸ‡­ Lausanne, Switzerland | ğŸ‡ºğŸ‡¸ Pasadena, USA",Yes,https://www.crunchbase.com/organization/geooptics,https://www.linkedin.com/company/geooptics/,https://twitter.com/geooptics?lang=en,,,,,,,
Google,"GEE, Maps, AI",,https://about.google/,https://careers.google.com/,,"ğŸ‡ºğŸ‡¸ Mountain View, USA",Yes,https://www.crunchbase.com/organization/google,https://www.linkedin.com/company/google/,https://twitter.com/Google,,,,,,,
Kawa Space,Geospatial intelligence platform,,https://www.kawa.space/,https://angel.co/company/kawaspace,https://www.linkedin.com/company/kawaspace/jobs/,"ğŸ‡®ğŸ‡³ Bangalore, India | ğŸŒ Remote",Yes,https://www.crunchbase.com/organization/kawa-space,https://www.linkedin.com/company/kawaspace/,https://twitter.com/kawaspace?lang=en,,,,,,,
KP Labs,On-board processing,,https://kplabs.space/,https://kplabs.space/space-company-career/,,"ğŸ‡µğŸ‡± Gliwice, Poland | ğŸ‡µğŸ‡± Warszawa, Poland",Yes,https://www.crunchbase.com/organization/kp-labs,https://www.linkedin.com/company/kp-labs-sp-z-o-o/,https://twitter.com/labs_kp,,https://github.com/kplabs-pl,https://www.youtube.com/channel/UC7STFwEiGoEmLIakMC3e1hA,,,,
Microsoft,"AI for earth, Planetary Computer, Bing, Azure",Yes,https://www.microsoft.com/en-gb?SilentAuth=1&f=255&MSPPError=-2147217396,https://careers.microsoft.com/us/en,,ğŸ‡ºğŸ‡¸ USA,Yes,https://www.crunchbase.com/organization/microsoft,https://www.linkedin.com/company/microsoft/,https://twitter.com/Microsoft,,,,,,,
Nearmap,High resolution aerial maps,,https://www.nearmap.com/us/en,https://www.nearmap.com/us/en/aerial-view-maps-about-us/geospatial-data-careers,https://www.linkedin.com/company/nearmap-com/jobs/,ğŸ‡ºğŸ‡¸ğŸ‡¦ğŸ‡º Multiple locations in USA and Australia,Yes,https://www.crunchbase.com/organization/nearmap-com,https://www.linkedin.com/company/nearmap-com/,https://twitter.com/nearmap,,,,,,,
OneSoil,Precision aggriculture,,https://onesoil.ai/en/,https://onesoil.ai/en/careers,https://onesoil.notion.site/Career-OneSoil-228136e00692470ca0dce892dc8bfa26,"ğŸ‡§ğŸ‡¾ Minsk, Belarus",Yes,https://www.crunchbase.com/organization/onesoil,https://www.linkedin.com/company/onesoil/?originalSubdomain=ch,https://twitter.com/onesoilplatform,,https://github.com/OneSoil-Platform,https://www.youtube.com/channel/UCRZaRW_DZs_d3XTxg9axRIA,,,,
Overstory,Vegetation monitoring for wildfire prevention and utilities,,https://www.overstory.com/,https://www.overstory.com/careers,,"ğŸ‡³ğŸ‡± Amsterdam, Netherlands | ğŸŒ Remote",Yes,https://www.crunchbase.com/organization/overstoryai,https://www.linkedin.com/company/overstoryai,https://twitter.com/overstoryai,,,,,,,
Picterra,Platform for AI analysis,,https://picterra.ch/,https://picterra.ch/jobs/,,"ğŸ‡¨ğŸ‡­ Lausanne, Switzerland",Yes,https://www.crunchbase.com/organization/picterra,https://www.linkedin.com/company/picterra/,https://twitter.com/picterraCH,,,,,,,
Planet,"Cubesat constellation, optical",Yes,https://www.planet.com/,https://www.planet.com/company/careers/,https://boards.greenhouse.io/planetlabs,"ğŸ‡ºğŸ‡¸ San Francisco, USA | ğŸ‡ºğŸ‡¸ Bellevue, USA | ğŸ‡©ğŸ‡ª Berlin, Germany | ğŸ‡¨ğŸ‡¦ Lethbridge, Canada",Yes,https://www.crunchbase.com/organization/planet-labs,https://www.linkedin.com/company/planet-labs,https://twitter.com/planet,https://www.planet.com/investors/presentations/2021/investor-presentation-20210707.pdf,,,$PL,,,
PlanetWatchers,"SAR analysis, multipurpose",,https://www.planetwatchers.com/,https://www.planetwatchers.com/careers/,,"ğŸ‡ºğŸ‡¸ New York, USA | ğŸ‡¬ğŸ‡§ London, UK | ğŸ‡®ğŸ‡± Tel Aviv, Israel",Yes,https://www.crunchbase.com/organization/planetwatchers,https://www.linkedin.com/company/planetwatchers/,https://twitter.com/PlanetWatchers,,,,,,,
Satellogic,"Optical + hyperspectral constellation, analytics",Yes,https://satellogic.com/,https://satellogic.bamboohr.com/jobs/,,"ğŸ‡ªğŸ‡¸ Barcelona, Spain | ğŸ‡¦ğŸ‡· Ciudad, Argentina",Yes,https://www.crunchbase.com/organization/satellogic,https://www.linkedin.com/company/satellogic/,https://twitter.com/Satellogic,https://www.cantor.com/wp-content/uploads/2021/07/Satellogic_InvestorPresentation_July6-2021__email.pdf,https://github.com/satellogic,https://www.youtube.com/channel/UCLtM3YLSGAz1-SKe63gkwLQ?app=desktop,$SATL,,,https://twitter.com/aravind_raves/status/1518574658047688707
ScanWorld,"Hyperspectral constellation, aggriculture, environmental. Acquired by ConstellR",Planned,https://www.scanworld.be/,https://www.scanworld.be/#jobs,,"ğŸ‡§ğŸ‡ª Liege, Belgium | ğŸ‡§ğŸ‡ª Brussels, Belgium",Yes,x,https://www.linkedin.com/company/scanworldeo/?originalSubdomain=be,https://twitter.com/scanworld2?lang=en,,,,,,,Acquired by ConstelIR
Sinergise,"Sentinel hub, data infrastructure",,https://www.sinergise.com/,https://www.sinergise.com/en/careers/openpositions,,"ğŸ‡¸ğŸ‡® Ljubljana, Slovenia",Yes,https://www.crunchbase.com/organization/sinergise,https://www.linkedin.com/company/sinergise/?originalSubdomain=si,https://twitter.com/sinergise,,,,,,,
SkyGeo,"InSAR, subsidience monitoring",,https://skygeo.com/,https://skygeo.com/geotechnical-careers/,,"ğŸ‡ºğŸ‡¸ğŸ‡¨ğŸ‡¦ğŸ‡±ğŸ‡ºğŸ‡¦ğŸ‡ºğŸ‡¸ğŸ‡¬ğŸ‡¿ğŸ‡¦ğŸ‡¨ğŸ‡± Multiple countries (US, Canada, Netherlands, Singapore, Canada, South Africa, Chile, Australia)",Yes,https://www.crunchbase.com/organization/skygeo,https://www.linkedin.com/company/skygeo/,https://twitter.com/SkyGeoInc,,,,,,,
SparkGeo,Web mapping solutions,,https://sparkgeo.com/,https://sparkgeo.com/careers/,,"ğŸ‡¨ğŸ‡¦ Prince George, Canada | ğŸ‡¬ğŸ‡§ UK",Yes,https://www.crunchbase.com/organization/sparkgeo,https://www.linkedin.com/company/sparkgeo/,https://twitter.com/SparkgeoUK,,,,,,,
Terrabotics,"Natural resources management, ESG",,https://www.terrabotics.co.uk/,https://www.terrabotics.co.uk/careers,https://boards.eu.greenhouse.io/terrabotics/,"ğŸ‡¬ğŸ‡§ London, UK",Yes,https://www.crunchbase.com/organization/terrabotics,https://www.linkedin.com/company/terrabotics/,https://twitter.com/tbotix,,,,,,,
Tomorrow.io,Weather and climate security platform,,https://www.tomorrow.io/,https://www.tomorrow.io/careers/,https://www.linkedin.com/company/tomorrow-io/jobs/,"ğŸ‡ºğŸ‡¸ USA | ğŸ‡®ğŸ‡± Tel Aviv, Israel | ğŸ‡¸ğŸ‡¬ Singapore",Yes,https://www.crunchbase.com/organization/climacell,https://www.linkedin.com/company/tomorrow-io/,https://twitter.com/tomorrowio_,https://9477946d-bd1f-418f-a4a1-57a2eff784cb.filesusr.com/ugd/462bf1_390159b6e90b4c23bc3921f09bf1a448.pdf,,,,,,
Descartes Labs,"Agriculture, sustainability, monitoring, data & AI",,https://descarteslabs.com/,https://jobs.lever.co/descarteslabs.com,,"ğŸ‡ºğŸ‡¸ Santa Fe, USA",Yes (~US?),https://www.crunchbase.com/organization/descartes-labs,https://www.linkedin.com/company/descartes-labs/,https://twitter.com/DescartesLabs,,,,,,,
Terramera,Sustainable agriculture,,https://www.terramera.com/,https://www.terramera.com/careers#CurrentOpenings,,"ğŸ‡¨ğŸ‡¦ Vancouver, BC, Canada",Yes (Canada),https://www.crunchbase.com/organization/terramera,https://www.linkedin.com/company/terramera-inc-/,https://twitter.com/terramera,,,https://www.youtube.com/channel/UCNYDgdk3-9J5RRMTILchPUg,,,,
Sylvera,Carbon offset monitoring,,https://www.sylvera.com/,https://jobs.lever.co/sylvera,,"ğŸ‡¬ğŸ‡§ London, UK",Yes (GMT +-4),https://www.crunchbase.com/organization/sylvera,https://www.linkedin.com/company/sylveracarbon,https://twitter.com/SylveraCarbon,,,https://www.youtube.com/channel/UCzMumzm0k5GAfV-f9QQ3zUg,,,,
Spire,"Constellation: radio occulation, AIS, multi-purpose",Yes,https://spire.com/,https://spire.com/careers/job-openings/,,ğŸŒğŸ‡ºğŸ‡¸ğŸ‡¬ğŸ‡§ğŸ‡®ğŸ‡³ğŸ‡¦ğŸ‡ºğŸ‡¸ğŸ‡¬ğŸ‡±ğŸ‡º Multiple locations and countries,Yes (mainly US and UK),https://www.crunchbase.com/organization/spire,https://www.linkedin.com/company/spireglobal/,https://twitter.com/SpireGlobal,https://img1.wsimg.com/blobby/go/22420c7c-4367-40fe-a2fd-4d0554113b56/Spire_Investor%20Presentation%20Final%202.28.21.pdf.pdf,,,$SPIR,,,
Pachama,Carbon capture analytics,,https://pachama.com/,https://pachama.com/careers,,ğŸŒ Remote,Yes (PCT +-3),https://www.crunchbase.com/organization/pachama,https://www.linkedin.com/company/pachama/,https://twitter.com/pachamainc?lang=en,,,,,,,
Kleos,"Satelilites: RF constellation, analytics",Yes,https://kleos.space/,https://kleos.space/category/careers/,,"ğŸ‡±ğŸ‡º Luxembourgh | ğŸ‡¬ğŸ‡§ Leicester, UK | ğŸ‡ºğŸ‡¸ Denver, USA","Yes (UK, Luxembroug, France, Belgium, Germany)",https://www.crunchbase.com/organization/tianyi-research-institute,https://www.linkedin.com/company/kleos_space/,x,,,,,,,
RegrowAg,Sustainability (formerly FluroSat),,https://www.regrow.ag/,https://boards.greenhouse.io/regrow,https://www.linkedin.com/company/regrowag/jobs/,"ğŸ‡ºğŸ‡¸ San Francisco, USA | ğŸ‡¦ğŸ‡º Sydney, Australia | ğŸŒ Remote","Yes (US, UA, AU)",https://www.crunchbase.com/organization/flurosat,https://www.linkedin.com/company/regrowag/,https://twitter.com/RegrowAg,,,,,,,
Maxar,"High resolution optical constellation, Digital Globe",,https://www.maxar.com/,https://maxar.wd1.myworkdayjobs.com/MAXAR,,"ğŸ‡ºğŸ‡¸ğŸ‡¨ğŸ‡¦ğŸ‡¸ğŸ‡ª Multiple locations (USA, Canada, Sweden)","Yes (US, UK, AU, BR)",https://www.crunchbase.com/organization/macdonald-dettwiler-and-associates,https://www.linkedin.com/company/maxar-technologies-ltd/,https://twitter.com/Maxar,,,,,,,
Azavea,"Data analytics, consultancy, OS applications (GeoTrellis, Raster Vision)",,https://www.azavea.com/,https://careers.azavea.com/#openings,https://careers.azavea.com/#alerts-sign-up,"ğŸ‡ºğŸ‡¸ Philadelphia, USA",Yes: 10 a.m. and 2 p.m. EST,https://www.crunchbase.com/organization/azavea,https://www.linkedin.com/company/azavea/,https://twitter.com/azavea,,,,,,,
Palantir,Large data analysis and consultancy company. MetaConstellation product.,,https://www.palantir.com/,https://www.palantir.com/careers/,,Many countries across the world,?,https://www.crunchbase.com/organization/palantir-technologies,https://www.linkedin.com/company/palantir-technologies/,https://twitter.com/PalantirTech,,https://github.com/palantir,https://www.youtube.com/channel/UCwed6_f0WcDIioXvMQfcP2Q,NYSE: PLTR,,,
CarbonPlan,"Non-profit, data science for carbon removal",,https://carbonplan.org/,https://apply.workable.com/carbonplan/,https://www.linkedin.com/company/carbonplan/jobs/,"ğŸ‡ºğŸ‡¸ San Francisco, CA, USA",?,https://carbonplan.org/funding,https://www.linkedin.com/company/carbonplan/,https://twitter.com/carbonplanorg,,https://github.com/carbonplan,,,,,
Agrograph,Providing credit/risk score for aggriculture,,https://agrograph.com/,https://angel.co/company/agrograph-1,,"ğŸ‡ºğŸ‡¸ Madison, WI",US-based,https://www.crunchbase.com/organization/agrograph,https://www.linkedin.com/company/agrograph/,https://twitter.com/agrograph,,https://github.com/Agrograph,https://www.youtube.com/channel/UCAa4hyHNsVUSabUVLxw6ecQ,,,,
Influunt,Water risk intelligence,,https://www.influunt.ai/,?,,"ğŸ‡ºğŸ‡¸ San Francisco, CA, USA",No jobs,https://www.crunchbase.com/organization/influunt,https://www.linkedin.com/company/influuntai/about/,https://twitter.com/InfluuntAI,,https://github.com/Influunt-Systems,,,,,
Xalient,"Edge computing, does EO projects sometimes",,https://xailient.com/,https://www.linkedin.com/company/xailient/jobs/,https://xailient.com/careers/,"ğŸ‡ºğŸ‡¸ Sunnyvale, CA, USA | ğŸ‡ºğŸ‡¸ Dover, DE, USA | ğŸ‡¦ğŸ‡º Sydney, Australia",Yes (US or Australia based),https://www.crunchbase.com/organization/xailient,https://www.linkedin.com/company/xailient/,https://twitter.com/xailient,,,https://www.youtube.com/channel/UCCv1TVIY3KmJbern-edBRvw,,,,
EarthPulse,AI satellite analytics,,https://earthpulse.ai/,https://earthpulse.ai/about#hiring,,"ğŸ‡ªğŸ‡¸ Barcelona, Spain ",No,https://www.crunchbase.com/organization/earthpulse,https://www.linkedin.com/company/earthpulse-sl/?originalSubdomain=es,https://twitter.com/earthpulse_sl,,https://github.com/earthpulse,,,,,
EagleView,Aerial imagery and property insights,,https://www.eagleview.com/,https://www.eagleview.com/careers/job-postings/,https://www.linkedin.com/company/eagleview-technologies-inc/jobs/,"ğŸ‡ºğŸ‡¸ğŸ‡®ğŸ‡³ğŸ‡¦ğŸ‡ºğŸ‡¨ğŸ‡¦ Multiple locations (USA, India, Canada, Australia)",Yes (US-based),https://www.crunchbase.com/organization/eagleview-technologies,https://www.linkedin.com/company/eagleview-technologies-inc/,https://twitter.com/eagleviewtech,,,https://www.youtube.com/channel/UCfz8wYLbn8e0kZvpUmBHccQ,,,,
Wegaw,Clean energy production optimization through satellite imagery,,https://wegaw.com/,?,,ğŸ‡¨ğŸ‡­ Switzerland,?,https://www.crunchbase.com/organization/wehike,https://www.linkedin.com/company/wegaw/,https://twitter.com/we_Gaw,,https://github.com/wegaw,https://www.youtube.com/channel/UCNfTDLxTIDy_8JhwTJu76XQ,,,,
Dymaxion Labs,"AI for satellite, aerial imagery, climate data and IoT sensors",,https://dymaxionlabs.com/,https://dymaxionlabs.com/company/,,"ğŸ‡¦ğŸ‡· Buenos Aires, Argentina",No jobs,https://www.crunchbase.com/organization/dymaxion-labs,https://www.linkedin.com/company/dymaxion-labs/,https://twitter.com/DymaxionLabs,,https://github.com/dymaxionlabs,https://www.youtube.com/channel/UCoUy_EpsH_QaHeLdYvfJlaQ,,,,
Kuva Space,"Hyperspectral nanosatellite constellation, focus on climate",Planned,https://kuvaspace.com/,https://careers.kuvaspace.com/,https://www.linkedin.com/company/kuva-space/jobs/,"ğŸ‡«ğŸ‡® Espoo, Finland",Yes (Finland +- 2 hours),https://www.crunchbase.com/organization/kuva-space,https://www.linkedin.com/company/kuva-space/?originalSubdomain=fi,https://twitter.com/kuvaspace?lang=en,,,https://www.youtube.com/channel/UCKoeMuZmgNWl-QfJ_alnzaQ,,,,
Geosat,"Two Geosat satellites, multi-purpose",Yes,https://geosat.space/,?,,"ğŸ‡µğŸ‡¹ Lisbon, Portugal",No jobs,,https://www.linkedin.com/company/globaleosatellites/,https://twitter.com/geosat_sat,,,https://www.youtube.com/channel/UC1WWTLsYpFCMw_GwK4dZfUQ,,,,
Methane sat,Planned methane-tracking satellite,,https://www.methanesat.org/,https://www.methanesat.org/careers/,,"ğŸ‡ºğŸ‡¸ Austin, TX, USA",US-based,,,https://twitter.com/MethaneSAT?ref_src=twsrc%5Egoogle%7Ctwcamp%5Eserp%7Ctwgr%5Eauthor,,,https://www.youtube.com/channel/UCZUnaAR9MROkzC_P4X06oIw,,,,
Scepter,ESG emissions monitoring,,https://scepterair.com/,?,,"ğŸ‡ºğŸ‡¸ San Francisco, CA, USA",No jobs,,https://www.linkedin.com/company/scepterair/,https://mobile.twitter.com/scepterinc,,,,,,,
satlantis,Emission monitoring,,https://satlantis.com/,https://satlantis.com/work-at-satlantis/,https://www.linkedin.com/company/satlantis/jobs/,"ğŸ‡ªğŸ‡¸ Leioa-Bilbao, Spain | ğŸ‡ºğŸ‡¸ Gainesville, FL, USA",No,https://www.crunchbase.com/organization/satlantis,https://www.linkedin.com/company/satlantis/,https://twitter.com/satlantis_,,,https://www.youtube.com/channel/UCxXIo0n3ZAe-4ewShtvQo-Q,,,,
Fireball,Early wildfire detection,,https://fireballit.com/,?,,?,No jobs,,,,,,,,,,
Kermap,"Platform, aggriculture, environment, urban planning",,https://kermap.com/en/,https://www.linkedin.com/company/kermap/jobs/,,"ğŸ‡«ğŸ‡· Rennes, France",No,https://www.crunchbase.com/organization/kermap,https://www.linkedin.com/company/kermap/,https://twitter.com/kermap_info,,,https://www.youtube.com/channel/UC2q8oaFH4sKoJaWFOXvwAew,,,,
FloodMapp,Flood forecasting,,https://www.floodmapp.com/,https://www.floodmapp.com/jobs,https://www.linkedin.com/company/floodmapp/jobs/,"ğŸ‡¦ğŸ‡º Brisbane, Australia | ğŸ‡¦ğŸ‡º Melbourne, Australia",Australia-based,https://www.crunchbase.com/organization/floodmapp,https://www.linkedin.com/company/floodmapp/?originalSubdomain=au,https://twitter.com/FloodMapp,,https://github.com/floodmapp,https://www.youtube.com/channel/UCNCdtWK_OcqklYCMih8J8iQ/videos?view=0,,,,
AtlasAI,"Analytics, focus on underserved markets & climate change",,https://www.atlasai.co/,https://jobs.lever.co/atlasai,,"ğŸ‡ºğŸ‡¸ Palo Alto, CA, USA",No jobs,https://www.crunchbase.com/organization/atlas-ai,https://www.linkedin.com/company/atlas-ai-pbc/,https://twitter.com/atlasai_co?lang=en,,,,,,,
Fathom,Flood mapping,,https://www.fathom.global/,https://careers.fathom.global/,https://www.linkedin.com/company/fathom-global/jobs/,"ğŸ‡¬ğŸ‡§ Bristol, UK",Yes (UK-elligible),,https://www.linkedin.com/company/fathom-global/,https://twitter.com/fathom_global,,,https://www.youtube.com/channel/UCeMu9yOWDuk1kUzc2_rOZAw,,,,
First street,Research non-profit focused on climate risk,,https://firststreet.org/,https://www.linkedin.com/company/first-street-foundation/jobs/,,"ğŸ‡ºğŸ‡¸ New York, USA",,,https://www.linkedin.com/company/first-street-foundation/?originalSubdomain=th,https://twitter.com/FirstStreetFdn,,,,,,,
McKenzie Intelligence Services,"Analytics, consulting, insurance",,https://www.mckenzieintelligence.com/,https://www.mckenzieintelligence.com/careers/,,"ğŸ‡¬ğŸ‡§ London, UK",Yes (UK-based?),https://www.crunchbase.com/organization/mckenzie-intelligence-services-ltd,https://www.linkedin.com/company/mckenzie-intelligence-services-ltd/,https://twitter.com/mckenzie_int,,,https://www.youtube.com/channel/UC2756RlVQipvKxgqUtZyCLA/playlists,,,,
Sust,Climate analyitcs,,https://www.sustglobal.com/,https://www.sustglobal.com/careers,,"ğŸ‡ºğŸ‡¸ San Francisco, CA, USA | ğŸ‡¬ğŸ‡§ London, UK",Yes (US/UK),https://www.crunchbase.com/organization/sust-global,https://www.linkedin.com/company/sustglobal/,https://twitter.com/sustglobal,,,https://www.youtube.com/channel/UCu6CbjAFCnCs-viEOJG72uQ,,,,
Cervest,Climate intelligence platform,,https://cervest.earth/,https://cervest.earth/careers#join-our-team,https://www.linkedin.com/company/cervest/jobs/,"ğŸ‡¬ğŸ‡§ London, UK",Yes,https://www.crunchbase.com/organization/cervest,https://www.linkedin.com/company/cervest/,https://twitter.com/CervestEarth,,https://github.com/Cervest,,,,,
Climate AI,Weather and Climate risk,,https://climate.ai/,https://climate.ai/work/,https://www.linkedin.com/company/climateai/jobs/,"ğŸ‡ºğŸ‡¸ San Francisco, CA, USA ",Yes (Americas),https://www.crunchbase.com/organization/climateai,https://www.linkedin.com/company/climateai/,https://twitter.com/climateai?lang=en,,https://github.com/ClimateAI,,,,,
Arbol,"Insurance, blockchain",,https://www.arbolmarket.com/,https://jobs.lever.co/Arbol,,"ğŸ‡ºğŸ‡¸ New York, USA | ğŸŒ Remote",Yes,https://www.crunchbase.com/organization/arbol-markets,https://www.linkedin.com/company/arbolinc/,https://twitter.com/arbolMarket,,https://github.com/arbol-Project,,,https://arbolmarket.medium.com/,,
Betterview,Insurance,,https://www.betterview.com/,https://apply.workable.com/betterview/#jobs,https://www.linkedin.com/company/betterview/jobs/,"ğŸ‡ºğŸ‡¸ New York, USA | ğŸ‡ºğŸ‡¸ Carlsbad, CA, USA | ğŸ‡ºğŸ‡¸ Chicago, IL, USA | ğŸ‡ºğŸ‡¸ San Francisco, USA",Yes (US-based?),https://www.crunchbase.com/organization/betterview,https://www.linkedin.com/company/betterview/,https://twitter.com/betterv?lang=en,,https://github.com/bettervu,https://www.youtube.com/channel/UCq-qBQzcyErD3e6rnZ83Xfw,,,,
Athenium analytics,Insurance,,https://www.athenium.com/,https://www.athenium.com/about-us/careers/,https://www.linkedin.com/company/athenium-analytics/jobs/,"ğŸ‡ºğŸ‡¸ Dover, NH, USA",Yes (US-based?),https://www.crunchbase.com/organization/athenium-analytics,https://www.linkedin.com/company/athenium-analytics/,https://twitter.com/athenium,,,https://www.youtube.com/channel/UC3-BM9AeMDmMa-56wI1PwBQ,,,,
Perennial,Verification platform for soil-based carbon removal,,https://www.perennial.earth/,https://www.perennial.earth/careers#job-openings,https://www.linkedin.com/company/perennial-earth/jobs/,"ğŸ‡ºğŸ‡¸ Boulder, CO, USA | ğŸ‡¦ğŸ‡º Adelaide, SA Australia",Yes (US / Australia),https://www.crunchbase.com/organization/cloud-agronomics,https://www.linkedin.com/company/perennial-earth/,,,,,,,,
Gro intelligence,"Agriculture, climate, economy",,https://gro-intelligence.com/,https://gro-intelligence.com/careers,https://www.linkedin.com/company/gro-intelligence/jobs/,"ğŸ‡ºğŸ‡¸ New York, USA | ğŸ‡°ğŸ‡ª Nairobi, Kenya | ğŸ‡¸ğŸ‡¬ Singapore",Hybrid,https://www.crunchbase.com/organization/gro-intelligence,https://www.linkedin.com/company/gro-intelligence/,https://twitter.com/GroIntel,,https://github.com/gro-intelligence,https://www.youtube.com/channel/UC2w24XayZ6IW4XTYrcDBybw/videos,,,,
Sentera,Drones for agriculture monitoring,,https://sentera.com/,https://apply.workable.com/sentera/#jobs,https://www.linkedin.com/company/sentera/jobs/,"ğŸ‡ºğŸ‡¸ Saint Paul, MN, USA",US-based,https://www.crunchbase.com/organization/sentera,https://www.linkedin.com/company/sentera/,https://twitter.com/sentera_uas,,https://github.com/SenteraLLC,https://www.youtube.com/c/SenteraUS,,,,
Ecometrica,Sustainability & ESG reporting ,,https://ecometrica.com/,https://ecometrica.com/about-us/work-at-ecometrica/,,"ğŸ‡¬ğŸ‡§ Edinburgh, UK | ğŸ‡¬ğŸ‡§ London, UK | ğŸ‡¨ğŸ‡¦ Montreal, Canada | ğŸ‡ºğŸ‡¸ Boston, USA",No,https://www.crunchbase.com/organization/ecometrica,https://www.linkedin.com/company/ecometrica/,https://twitter.com/Ecometrica,,https://github.com/ecometrica,https://vimeo.com/user4955895,,,,
AiDash,Satellite-powered ultility management,,https://www.aidash.com/,https://jobs.lever.co/aidash,https://www.linkedin.com/company/aidash/jobs/,"ğŸ‡ºğŸ‡¸ San Jose, CA, USA | ğŸ‡ºğŸ‡¸ Multiple, USA | ğŸ‡®ğŸ‡³ Multiple, India | ğŸ‡¬ğŸ‡§ London, UK",No,https://www.crunchbase.com/organization/aidash,https://www.linkedin.com/company/aidash/,https://twitter.com/aidashinc,,,https://www.youtube.com/channel/UCdU1Xuncxsn0YXY-YigOoJg,,,,
BeZero,Analysis on ratings in voluntary carbon market,,https://bezerocarbon.com/,https://bezero-carbon.breezy.hr/,https://www.linkedin.com/company/bezero-carbon/jobs/,"ğŸ‡¬ğŸ‡§ London, UK",Yes (GMT +- 3h),https://pitchbook.com/profiles/company/484082-74,https://www.linkedin.com/company/bezero-carbon/,https://twitter.com/BeZeroCarbon,,https://github.com/BeZeroCarbon,,,https://medium.com/@bezerocarbon,,
SingleEarth,"Cryptocurrency backed by carbon, carbon monitoring",,https://www.single.earth/,https://careers.single.earth/,,"ğŸ‡ªğŸ‡ª Talinn, Estonia",Yes,https://www.crunchbase.com/organization/single-earth,https://www.linkedin.com/company/single-earth/?originalSubdomain=ee,https://twitter.com/SingleEarth1,,,,,,,
wildsense,Carbon monitoring,,https://www.wildsense.co/,https://www.wildsense.co/contact,,"ğŸ‡«ğŸ‡· Paris, France",No jobs,https://www.crunchbase.com/organization/wildsense,https://www.linkedin.com/company/wildsenseco/,,,,,,,,
CGI,"IT business consulting, has space/EO teams",,https://www.cgi.com/uk/en-gb,https://cgi.njoyn.com/CGI/xweb/xweb.asp?page=JobListing&CLID=21001&CountryID=UK&lang=1,,Many locations across the world,,https://www.crunchbase.com/organization/cgi,https://www.linkedin.com/company/cgi/,https://twitter.com/CGI_Global,,,,,,,
Ubotica,On-board processing,,https://ubotica.com/,https://ubotica.com/careers/,,"ğŸ‡®ğŸ‡ª Dublin, Ireland | ğŸ‡ªğŸ‡¸ Madrid, Spain | ğŸ‡¨ğŸ‡¦ Ottawa, Canada | ğŸ‡³ğŸ‡± Delft, Netherlands",No,https://www.crunchbase.com/organization/ubotica,https://www.linkedin.com/company/ubotica-technologies,https://twitter.com/ubotica?lang=en,,https://github.com/Ubotica,,,,,
Deep Planet,AI and satellite data for vineyards,,https://www.deepplanet.ai/,https://www.deepplanet.ai/we-are-hiring,,"ğŸ‡¬ğŸ‡§ Oxford, UK",Yes,https://www.crunchbase.com/organization/deep-planet,https://www.linkedin.com/company/deep-planet/,https://twitter.com/deepplanet3?lang=en,,,,,,,
Solargis,Solar irradiance monitoring and forecasting,,https://solargis.com/,https://solargis.com/about-us/jobs,https://sk.jooble.org/pr%C3%A1ca-Solargis-s.r.o.?comp,"ğŸ‡¸ğŸ‡° Bratislava, Slovakia",Yes,https://www.crunchbase.com/organization/solargis,https://www.linkedin.com/company/solargis?originalSubdomain=sk,https://twitter.com/solargis,,,https://www.youtube.com/channel/UCJ3mbAUcrsT4kM9YEONd3kQ,,,,
Albo Climate,Carbon sequestration evaluation through satellite imagery,,https://www.albosys.com/,?,,"ğŸ‡®ğŸ‡± Tel Aviv, Israel",No jobs,https://www.crunchbase.com/organization/albo-systems,https://www.linkedin.com/company/albosys/?viewAsMember=true,https://twitter.com/AlboClimate,,,,,,,
Geollect,"Geospatial intelligence focused on defense, insurance and cruise lines",,https://www.geollect.com/,https://www.geollect.com/about/careers/,https://www.linkedin.com/company/geollect/jobs/,"ğŸ‡¬ğŸ‡§ Bristol, UK",No,https://www.crunchbase.com/organization/geollect,https://www.linkedin.com/company/geollect/,https://twitter.com/geollect_news,,,https://www.youtube.com/channel/UCzbRtYBeJb7sSDJmXBdsNhg,,,,
Soar.Earth,Platform for maps and imagery,,https://about.soar.earth/index.html,,https://www.linkedin.com/company/soar-earth/jobs/,"ğŸ‡¦ğŸ‡º Perth, Australia",Hybrid (Australia),https://www.crunchbase.com/organization/soar-c90e,https://www.linkedin.com/company/soar-earth/,https://twitter.com/Soar_Earth,,,https://www.youtube.com/channel/UCklyklf0WEeHZtlY-X-q28g,,https://medium.com/soar-earth,,
makepath,"Spatial data science, developing FOSS geospatial tools (xarray, bokeh, datashader)",,https://makepath.com,https://makepath.com/careers/,,"ğŸ‡ºğŸ‡¸ Austin, TX, USA",Yes,https://www.crunchbase.com/organization/makepath,https://www.linkedin.com/company/makepath/,https://twitter.com/makepathgis,,,,,,,
Brockmann Consult,"Environmental data and EO, software solutions",,https://www.brockmann-consult.de/,https://www.brockmann-consult.de/career/,,"ğŸ‡©ğŸ‡ª Hamburg, Germany",No,https://www.crunchbase.com/organization/brockmann-consult,https://www.linkedin.com/company/brockmann-consult/,https://twitter.com/BrockmannCon,,,,,,,
Kappazeta,"SAR monitoring, change detection, precision agriculture",,https://kappazeta.ee/,https://kappazeta.ee/jobs,,"ğŸ‡ªğŸ‡ª Tartu, Estonia",No,,https://www.linkedin.com/company/kappazeta-ltd/,,,,,,,,
ApolloMapping,Imagery marketplace,,https://apollomapping.com/,https://apollomapping.com/blog/are-you-looking-for-a-job-we-are-hiring,,"ğŸ‡ºğŸ‡¸ Boulder, CO, USA",No,https://www.crunchbase.com/organization/apollo-mapping,https://www.linkedin.com/company/apollo-mapping/,https://twitter.com/ApolloMapping,,,https://www.youtube.com/user/ApolloMapping?app=desktop,,,,
ShadowBreak,Making imagery available,,https://www.shadowbreakintl.com/,https://www.shadowbreakintl.com/careers.html,,"ğŸ‡¬ğŸ‡§ London, UK",Yes,https://www.crunchbase.com/organization/shadowbreak-intl,https://www.linkedin.com/company/shadowbreak-intl/about/,https://twitter.com/sbreakintl,,,,,,,
SpyMeSat / Orbit Logic,"Imagery marketplace and satellite tracking, product of Orbit Logic",,https://www.spymesat.com/,https://www.orbitlogic.com/careers.html,,"ğŸ‡ºğŸ‡¸ Greenbelt, MD, USA",No,https://www.crunchbase.com/organization/orbit-logic,https://www.linkedin.com/company/orbit-logic/?originalSubdomain=ru,https://twitter.com/spymesat,,,https://www.youtube.com/channel/UCUjRQSlr2D26Pf9RP4k99Ig,,,,
Studiomapp,Location intelligence using EO,,https://www.studiomapp.com/,https://careers.studiomapp.com/jobs,,"ğŸ‡®ğŸ‡¹ Ravenna RA, Italy",Yes,https://www.crunchbase.com/organization/studiomapp,https://www.linkedin.com/company/studiomapp/?originalSubdomain=it,https://twitter.com/studiomapp,,,https://www.youtube.com/channel/UCOffPy9JpfCxUWsvfLb3vLw,,,,
Open Cosmos,"Mission services, small satellites, data platfom",,https://www.open-cosmos.com/,https://opencosmos.bamboohr.com/jobs/,,"ğŸ‡¬ğŸ‡§ Harwell, UK",Yes,https://www.crunchbase.com/organization/open-cosmos,https://www.linkedin.com/company/opencosmos/,https://twitter.com/Open_Cosmos,,https://github.com/opencosmos,https://www.youtube.com/channel/UCpjGb72dwxnXCXzSo1-avDg,,,,
SkyTruth,"Non-profit, enviromental protection",,https://skytruth.org/,https://skytruth.org/about/careers/,https://skytruth.org/about/internships/,"ğŸ‡ºğŸ‡¸ Shepherdstown, WV, USA",Yes (US-based?),https://www.crunchbase.com/organization/skytruth,https://www.linkedin.com/company/skytruth/,https://twitter.com/skytruth,,https://github.com/SkyTruth,https://www.youtube.com/user/SkyTruthVideo/videos,,,,
EOS Data Analytics,AI-powered satellite data analytics products,,https://eos.com/,https://eos.com/company/careers/,,"ğŸ‡ºğŸ‡¸ Mountain View, CA, USA",No jobs,https://www.crunchbase.com/organization/eos-data-analytics,https://www.linkedin.com/company/eos-data-analytics/,https://twitter.com/eos_da,,,https://www.youtube.com/channel/UCK9Dn-7WPM8LqYGOcotOmkQ,,https://medium.com/@eos_da,,
CropSafe,Satellite-based insights for farmers,,https://www.cropsafe.io/,https://jobs.wrk.xyz/cropsafe,,"ğŸ‡¬ğŸ‡§ Belfast, UK | ğŸ‡ºğŸ‡¸ Los Angeles, CA, USA",Yes,,https://www.linkedin.com/company/crop-safe/,https://twitter.com/crop_safe,,,,,,https://www.instagram.com/crop_safe/,
Orbify,EO application building and hosting,,https://orbify.com/,?,,"ğŸ‡µğŸ‡± Krakow, Poland",No jobs,https://www.crunchbase.com/organization/orbify,https://www.linkedin.com/company/orbify/,https://twitter.com/OrbifyInc,,,,,https://blog.orbify.com/,,
4 Earth Intelligence,"Intelligence and analytics, environment, infrastructure, marine environment",,https://www.4earthintelligence.com/,https://www.4earthintelligence.com/about-us/careers/vacancies/,https://www.linkedin.com/company/4-earth-intelligence/jobs/,"ğŸ‡¬ğŸ‡§ Bristol, UK",Yes,https://www.crunchbase.com/organization/4-earth-intelligence,https://www.linkedin.com/company/4-earth-intelligence/,https://twitter.com/4_intelligence,,,https://www.youtube.com/channel/UCE9wUQRs6B2Rdj6jEJGT2-Q,,,,